elevation,n,s,fishers_alpha,abudance
1790,82,7,2.016393443,0.170833333
1809,77,8,2.136690647,0.133680556
2119,13,9,12.79365079,0.022569444
2170,40,12,5.977011494,0.069444444
2201,45,9,3.387096774,0.078125
2343,38,6,2.042149631,0.065972222
2352,26,12,8.620505992,0.045138889
2370,26,9,4.989272944,0.045138889
2421,15,9,9.509803922,0.026041667
2425,57,15,6.509749304,0.098958333